Patient Experience Issues,Word
Scheduling Issue,reschedule
Scheduling Issue,cancel
Scheduling Issue,slot
Scheduling Issue,time
Wait Time Issue,line
Wait Time Issue,long
Wait Time Issue,late
Wait Time Issue,hours
Wait Time Issue,minutes
Facility Issue,room
Facility Issue,dirty
Facility Issue,noisy
Facility Issue,air
Facility Issue,temperature
Facility Issue,seat
Staff Behavior,disrespect
Staff Behavior,kind
Staff Behavior,courteous
Staff Behavior,impolite
Staff Behavior,manner
Remote Consultation Issue,internet
Remote Consultation Issue,video
Remote Consultation Issue,call
Remote Consultation Issue,app
Remote Consultation Issue,platform
Remote Consultation Issue,access
Remote Consultation Issue,lag
Remote Consultation Issue,glitch
Quality of Care,therapy
Quality of Care,consultation
Quality of Care,follow-up
Quality of Care,prescription
Quality of Care,medication
Quality of Care,drugs
Quality of Care,test
Quality of Care,result
Cost Issue,charge
Cost Issue,fee
Cost Issue,payment
Cost Issue,insurance
Cost Issue,refund
Cost Issue,coverage
Cost Issue,invoice
